start_index_frame,end_index_frame,duration_frames,unique_name,start_time,end_time
69.0,138.0,3,ID0-fromFrame69.0_toFrame138.0,2.877875,5.75575
115.0,161.0,2,ID1-fromFrame115.0_toFrame161.0,4.796458333333333,6.715041666666666
1771.0,1771.0,1,ID4-fromFrame1771.0_toFrame1771.0,73.86545833333332,73.86545833333332
2185.0,2185.0,1,ID5-fromFrame2185.0_toFrame2185.0,91.13270833333333,91.13270833333333
874.0,2415.0,27,ID2-fromFrame874.0_toFrame2415.0,36.45308333333333,100.725625
1012.0,2576.0,40,ID3-fromFrame1012.0_toFrame2576.0,42.20883333333333,107.44066666666666
